variable;caracteres;tipo;rango;rangoCorrected
id_registro;;text;;
redcap_event_name;;text;;
sexo;;categoric;;
fecha_nacimiento;;date;dd/mm/yy;dd/mm/yy
edad;;numeric;18-100;18-100
peso;;numeric;20-200;20-200
talla;;numeric;;
imc;;numeric;10-80;10-80
neoadyuvancia;;categoric;;
localizacion;;categoric;;
tipo_histologico;;categoric;;
ct;;categoric;;
cn;;categoric;;
cm;;categoric;;
ecog;;categoric;;
asa;;categoric;;
dm;;categoric;;
hta;;categoric;;
cardiopatia;;categoric;;
nefropatia;;categoric;;
alcohol;;categoric;;
fumador;;categoric;;
neumopatia;;categoric;;
enf_vasc_cer;;categoric;;
enf_art_peri;;categoric;;
demencia;;categoric;;
esteroides;;categoric;;
otros_ap;;text;;
datos_basales_complete;;categoric;;
frec_card;;numeric;30-300;30-300
frec_resp;;numeric;10-80;10-80
temp_corp;;numeric;31-43;31-43
eva;;numeric;1-10;1-10
tas;;numeric;40-300;40-300
tad;;numeric;10-200;10-200
sat_oxig;;numeric;60-100;60-100
vol_diuresis_dia;;numeric;100-20000;100-20000
leucocitos;;numeric;100-100000;4.5-11.6
linfocitos;;numeric;100-100000;4.5-11.6
neutrofilos;;numeric;100-100000;4.5-11.6
hemoglobina;;numeric;3-20;3-20
plaquetas;;numeric;10000-2000000;9.2-14.6
creatinina;;numeric;0-20;0-20
proteinas;;numeric;0-10;0-10
albumina;;numeric;0-10;0-10
pcr;;numeric;0-1000;0-1000
procalcitonina;;numeric;0-1000;0-1000
il6;;numeric;0-1000;0-1000
quiq;;numeric;0-100;0-100
perioperatorio_complete;;categoric;;
fecha_interv;;date;dd/mm/yy;dd/mm/yy
acondicionamienio;;categoric;;
tipo_cirugia;;categoric;;
abordaje;;categoric;;
perdida_sang;;numeric;0-6000;0-6000
tipo_plastia;;categoric;;
via_asc_plastia;;categoric;;
anastomosis;;categoric;;
tipo_anastomosis;;categoric;;
piloro;;categoric;;
icg;;categoric;;
intervencin_complete;;categoric;;
post_frec_card;;numeric;30-300;30-300
post_frec_resp;;numeric;10-80;10-80
post_temp_corp;;numeric;31-43;31-43
post_eva;;numeric;1-10;1-10
post_tas;;numeric;40-300;40-300
post_tad;;numeric;10-200;10-200
post_sat_oxig;;numeric;60-100;60-100
post_vol_diu_dia;;numeric;100-20000;100-20000
post_leucocitos;;numeric;100-100000;4.5-11.6
post_linfocitos;;numeric;100-100000;4.5-11.6
post_neutrofilos;;numeric;100-100000;4.5-11.6
post_hemog;;numeric;3-20;3-20
post_plaquetas;;numeric;10000-2000000;9.2-14.6
post_creatinina;;numeric;0-20;0-20
post_proteinas;;numeric;0-10;0-10
post_albumina;;numeric;0-10;0-10
post_pcr;;numeric;0-1000;0-1000
post_procalcitonina;;numeric;0-1000;0-1000
post_il6;;numeric;0-1000;0-1000
post_quick;;numeric;0-100;0-100
das_postoperatorios_complete;;categoric;;
pt;;categoric;;
pn;;categoric;;
pm;;categoric;;
dia_tolerancia_oral;;numeric;1-90;1-90
fecha_alta;;date;dd/mm/yy;dd/mm/yy
clavien_dindo;;categoric;;
fuga;;categoric;;
dia_fuga;;numeric;0-90;0-90
eda_diag_fuga;;categoric;;
tac_diag_fuga;;categoric;;
resolucion_fuga;;categoric;;
dia_resolucion_fuga;;numeric;1-200;1-200
trat_endos_fuga___0;;categoric;;
trat_endos_fuga___1;;categoric;;
trat_endos_fuga___2;;categoric;;
trat_endos_fuga___3;;categoric;;
trat_endos_fuga___4;;categoric;;
trat_endos_fuga2___0;;categoric;;
trat_endos_fuga2___1;;categoric;;
trat_endos_fuga2___2;;categoric;;
trat_endos_fuga2___3;;categoric;;
trat_endos_fuga2___4;;categoric;;
trat_quir_fuga___0;;categoric;;
trat_quir_fuga___1;;categoric;;
trat_quir_fuga___2;;categoric;;
trat_quir_fuga___3;;categoric;;
trat_quir_fuga___4;;categoric;;
trat_quir_fuga___5;;categoric;;
trat_quir_fuga___6;;categoric;;
trat_quir_fuga2___0;;categoric;;
trat_quir_fuga2___1;;categoric;;
trat_quir_fuga2___2;;categoric;;
trat_quir_fuga2___3;;categoric;;
trat_quir_fuga2___4;;categoric;;
trat_quir_fuga2___5;;categoric;;
trat_quir_fuga2___6;;categoric;;
trat_quir_fuga3___0;;categoric;;
trat_quir_fuga3___1;;categoric;;
trat_quir_fuga3___2;;categoric;;
trat_quir_fuga3___3;;categoric;;
trat_quir_fuga3___4;;categoric;;
trat_quir_fuga3___5;;categoric;;
trat_quir_fuga3___6;;categoric;;
trat_radio_fuga___0;;categoric;;
trat_radio_fuga___1;;categoric;;
trat_radio_fuga___2;;categoric;;
trat_radio_fuga___3;;categoric;;
trat_radio_fuga___4;;categoric;;
necrosis_plastia;;categoric;;
dia_necrosis;;numeric;1-90;1-90
eda_diag_necrosis;;categoric;;
tac_diag_necrosis;;categoric;;
quilotorax;;categoric;;
dia_quilotorax;;numeric;1-90;1-90
lesion_recurrente;;categoric;;
dia_recurrente;;numeric;1-90;1-90
infeccion_resp;;categoric;;
dia_infeccion_resp;;numeric;1-90;1-90
infeccion_sitio_quir;;categoric;;
dia_infeccion_sitio_quir;;numeric;1-90;1-90
infeccion_herida;;categoric;;
dia_infeccion_herida;;numeric;1-90;1-90
otra_complicacion;;text;;
mortalidad;;categoric;;
dia_mortalidad;;numeric;1-90;1-90
causa_mortalidad;;categoric;;
mortalidad_otra;;text;;
reingreso;;categoric;;
dia_reingreso;;numeric;1-90;1-90
causa_reingreso;;text;;
resultados_complete;;categoric;;